model,group,dimensions,parameters,num_objects,num_posterior_samples,num_regions,score,ideal_score,delta_from_ideal,theoretical_variance,theoretical_sigma,mira_std,region_mc_std,bootstrap_mean,bootstrap_std,bootstrap_q025,bootstrap_q16,bootstrap_q84,bootstrap_q975,group_seed,bootstrap_seed
raw_q,full_15d,15,"z_obs,log10_stellar_mass,log10_stellar_metallicity,dust_av,dust_delta,sfh_dlog_sfr_01,sfh_dlog_sfr_02,sfh_dlog_sfr_03,sfh_dlog_sfr_04,sfh_dlog_sfr_05,sfh_dlog_sfr_06,sfh_dlog_sfr_07,sfh_dlog_sfr_08,sfh_dlog_sfr_09,sfh_dlog_sfr_10",512,128,100,0.5080342120976531,0.6666666666666666,-0.15863245456901354,0.00010850694444444444,0.010416666666666666,0.012301429632291607,0.012301429632291607,0.507824647887888,0.012682239740198598,0.4852645892100952,0.49452209656880086,0.5203588886572379,0.5325988789372105,26060182,4250829252
raw_iw,full_15d,15,"z_obs,log10_stellar_mass,log10_stellar_metallicity,dust_av,dust_delta,sfh_dlog_sfr_01,sfh_dlog_sfr_02,sfh_dlog_sfr_03,sfh_dlog_sfr_04,sfh_dlog_sfr_05,sfh_dlog_sfr_06,sfh_dlog_sfr_07,sfh_dlog_sfr_08,sfh_dlog_sfr_09,sfh_dlog_sfr_10",512,128,100,0.445148164500103,0.6666666666666666,-0.2215185021665636,0.00010850694444444444,0.010416666666666666,0.01292907361789846,0.01292907361789846,0.4449293076877643,0.012632829188560565,0.4204097763464219,0.4320806900861885,0.45746826342295205,0.4695777910559542,26060182,4250829252
ema_q,full_15d,15,"z_obs,log10_stellar_mass,log10_stellar_metallicity,dust_av,dust_delta,sfh_dlog_sfr_01,sfh_dlog_sfr_02,sfh_dlog_sfr_03,sfh_dlog_sfr_04,sfh_dlog_sfr_05,sfh_dlog_sfr_06,sfh_dlog_sfr_07,sfh_dlog_sfr_08,sfh_dlog_sfr_09,sfh_dlog_sfr_10",512,128,100,0.502936708416554,0.6666666666666666,-0.1637299582501126,0.00010850694444444444,0.010416666666666666,0.013247566569983363,0.013247566569983363,0.5026721057544354,0.01273889776558491,0.4790020006857887,0.4899017352234637,0.5150396747702348,0.5286598225260519,26060182,4250829252
ema_iw,full_15d,15,"z_obs,log10_stellar_mass,log10_stellar_metallicity,dust_av,dust_delta,sfh_dlog_sfr_01,sfh_dlog_sfr_02,sfh_dlog_sfr_03,sfh_dlog_sfr_04,sfh_dlog_sfr_05,sfh_dlog_sfr_06,sfh_dlog_sfr_07,sfh_dlog_sfr_08,sfh_dlog_sfr_09,sfh_dlog_sfr_10",512,128,100,0.4446212785118121,0.6666666666666666,-0.22204538815485453,0.00010850694444444444,0.010416666666666666,0.012099007668577693,0.012099007668577693,0.44486482404494593,0.013555980709286881,0.41967430271086953,0.43073059242490896,0.4581933610819033,0.4714813249985923,26060182,4250829252
raw_q,physical_5d,5,"z_obs,log10_stellar_mass,log10_stellar_metallicity,dust_av,dust_delta",512,128,100,0.6606451440626574,0.6666666666666666,-0.006021522604009233,0.00010850694444444444,0.010416666666666666,0.010438714683082988,0.010438714683082988,0.6612741723853133,0.010362834474171596,0.640581514837524,0.6513061547700545,0.6711090112891384,0.6823440577177109,505728251,260418690
raw_iw,physical_5d,5,"z_obs,log10_stellar_mass,log10_stellar_metallicity,dust_av,dust_delta",512,128,100,0.6113021873358718,0.6666666666666666,-0.0553644793307948,0.00010850694444444444,0.010416666666666666,0.012188301694411123,0.012188301694411123,0.6116982139486753,0.012295534026893776,0.5876556418376253,0.5991448996929262,0.6241174339656436,0.6347866081997253,505728251,260418690
ema_q,physical_5d,5,"z_obs,log10_stellar_mass,log10_stellar_metallicity,dust_av,dust_delta",512,128,100,0.6582788110460297,0.6666666666666666,-0.00838785562063693,0.00010850694444444444,0.010416666666666666,0.00968566028104144,0.00968566028104144,0.6581716943464119,0.01069104925791115,0.6371913933649338,0.6473419213568491,0.6687670923351016,0.6783462549684429,505728251,260418690
ema_iw,physical_5d,5,"z_obs,log10_stellar_mass,log10_stellar_metallicity,dust_av,dust_delta",512,128,100,0.6168513511749034,0.6666666666666666,-0.04981531549176321,0.00010850694444444444,0.010416666666666666,0.010102736531571305,0.010102736531571305,0.617598101055615,0.01235215225809907,0.5939880393221528,0.6060943626094399,0.6296093773454777,0.6413734459928179,505728251,260418690
raw_q,sfh_contrasts_10d,10,"sfh_dlog_sfr_01,sfh_dlog_sfr_02,sfh_dlog_sfr_03,sfh_dlog_sfr_04,sfh_dlog_sfr_05,sfh_dlog_sfr_06,sfh_dlog_sfr_07,sfh_dlog_sfr_08,sfh_dlog_sfr_09,sfh_dlog_sfr_10",512,128,100,0.504060823410976,0.6666666666666666,-0.1626058432556906,0.00010850694444444444,0.010416666666666666,0.01233148344774257,0.01233148344774257,0.5043465747548139,0.012626827821007337,0.479785158037339,0.4919689959733523,0.5170306415745267,0.5304584522934945,3769524993,3869865740
raw_iw,sfh_contrasts_10d,10,"sfh_dlog_sfr_01,sfh_dlog_sfr_02,sfh_dlog_sfr_03,sfh_dlog_sfr_04,sfh_dlog_sfr_05,sfh_dlog_sfr_06,sfh_dlog_sfr_07,sfh_dlog_sfr_08,sfh_dlog_sfr_09,sfh_dlog_sfr_10",512,128,100,0.4439628617613124,0.6666666666666666,-0.22270380490535424,0.00010850694444444444,0.010416666666666666,0.013002913715979544,0.013002913715979544,0.4440146806091617,0.013294031638603895,0.4183326736775513,0.4305017105881188,0.4572259538517369,0.4700325029717106,3769524993,3869865740
ema_q,sfh_contrasts_10d,10,"sfh_dlog_sfr_01,sfh_dlog_sfr_02,sfh_dlog_sfr_03,sfh_dlog_sfr_04,sfh_dlog_sfr_05,sfh_dlog_sfr_06,sfh_dlog_sfr_07,sfh_dlog_sfr_08,sfh_dlog_sfr_09,sfh_dlog_sfr_10",512,128,100,0.5046246356689358,0.6666666666666666,-0.16204203099773085,0.00010850694444444444,0.010416666666666666,0.012747120524054316,0.012747120524054316,0.5051034564715008,0.012790991004837167,0.4813373583605042,0.4922161883570857,0.5177191181395915,0.530214311667585,3769524993,3869865740
ema_iw,sfh_contrasts_10d,10,"sfh_dlog_sfr_01,sfh_dlog_sfr_02,sfh_dlog_sfr_03,sfh_dlog_sfr_04,sfh_dlog_sfr_05,sfh_dlog_sfr_06,sfh_dlog_sfr_07,sfh_dlog_sfr_08,sfh_dlog_sfr_09,sfh_dlog_sfr_10",512,128,100,0.44281326458906106,0.6666666666666666,-0.22385340207760557,0.00010850694444444444,0.010416666666666666,0.011301597251230394,0.011301597251230394,0.4425617234504287,0.013097521751564508,0.41825027621630684,0.4297009293351357,0.45583313158092326,0.4682655351916907,3769524993,3869865740
raw_q,marginal_z_obs,1,z_obs,512,128,100,0.6620593286382381,0.6666666666666666,-0.004607338028428498,0.00010850694444444444,0.010416666666666666,0.009207926997477052,0.009207926997477052,0.661899996362254,0.011133694647275085,0.6408432030709207,0.6506781030099024,0.6728637720378629,0.684178164169856,555490864,2087096183
raw_iw,marginal_z_obs,1,z_obs,512,128,100,0.6326216149055273,0.6666666666666666,-0.03404505176113937,0.00010850694444444444,0.010416666666666666,0.009747691653477752,0.009747691653477752,0.6326168389045329,0.011827730489259386,0.6081192039255768,0.621176149774999,0.6437554955622385,0.6548950219709241,555490864,2087096183
ema_q,marginal_z_obs,1,z_obs,512,128,100,0.6615863061755385,0.6666666666666666,-0.005080360491128144,0.00010850694444444444,0.010416666666666666,0.009308558980926413,0.009308558980926413,0.6620428796635676,0.011082541978979852,0.6397987389557016,0.6512988305512772,0.6728692652019458,0.6853675867817088,555490864,2087096183
ema_iw,marginal_z_obs,1,z_obs,512,128,100,0.6307011437069667,0.6666666666666666,-0.0359655229596999,0.00010850694444444444,0.010416666666666666,0.010562593639727934,0.010562593639727934,0.6305511040335562,0.011962085946705935,0.6078651450867397,0.6183990501552785,0.642613527784547,0.6540683770703837,555490864,2087096183
raw_q,marginal_log10_stellar_mass,1,log10_stellar_mass,512,128,100,0.6316783165621694,0.6666666666666666,-0.03498835010449719,0.00010850694444444444,0.010416666666666666,0.00991641705448402,0.00991641705448402,0.6325118889529702,0.010668390694464779,0.6117355369468612,0.6221746849349689,0.6436157250539054,0.6530654931555148,3520085467,210517195
raw_iw,marginal_log10_stellar_mass,1,log10_stellar_mass,512,128,100,0.6041079734418838,0.6666666666666666,-0.0625586932247828,0.00010850694444444444,0.010416666666666666,0.011212530535782611,0.011212530535782611,0.6042751487354754,0.012465547109444992,0.580228044764057,0.5918530295485743,0.6163940452649967,0.6289524101799444,3520085467,210517195
ema_q,marginal_log10_stellar_mass,1,log10_stellar_mass,512,128,100,0.6418232750960562,0.6666666666666666,-0.02484339157061044,0.00010850694444444444,0.010416666666666666,0.010653019224893688,0.010653019224893688,0.6420830712396021,0.01099569106829698,0.620129396841412,0.6310528587961676,0.6530017114169959,0.6626331354030711,3520085467,210517195
ema_iw,marginal_log10_stellar_mass,1,log10_stellar_mass,512,128,100,0.609944002516359,0.6666666666666666,-0.05672266415030758,0.00010850694444444444,0.010416666666666666,0.0114353798742307,0.0114353798742307,0.6100145438984578,0.012487478160965888,0.5864376089961738,0.5972094748810286,0.6222302269273632,0.6344482445510039,3520085467,210517195
raw_q,marginal_log10_stellar_metallicity,1,log10_stellar_metallicity,512,128,100,0.6730551172534195,0.6666666666666666,0.0063884505867528585,0.00010850694444444444,0.010416666666666666,0.00890971554154044,0.00890971554154044,0.6729305902754166,0.01019072081709005,0.6524978662002752,0.6626947046171676,0.6828967310596136,0.6914978053104051,3448579049,1655843008
raw_iw,marginal_log10_stellar_metallicity,1,log10_stellar_metallicity,512,128,100,0.6504531884582831,0.6666666666666666,-0.01621347820838348,0.00010850694444444444,0.010416666666666666,0.0123084568605265,0.0123084568605265,0.6502440514946135,0.011625024929398962,0.62798462148005,0.6388678002315306,0.6620172143802688,0.6730716730396139,3448579049,1655843008
ema_q,marginal_log10_stellar_metallicity,1,log10_stellar_metallicity,512,128,100,0.6764323450492037,0.6666666666666666,0.009765678382537057,0.00010850694444444444,0.010416666666666666,0.009453704208581479,0.009453704208581479,0.6765955988339916,0.010214179577806941,0.656081774294681,0.6666326929130878,0.6868615748243837,0.6963047053527263,3448579049,1655843008
ema_iw,marginal_log10_stellar_metallicity,1,log10_stellar_metallicity,512,128,100,0.6461251855124727,0.6666666666666666,-0.020541481154193963,0.00010850694444444444,0.010416666666666666,0.008500282731998687,0.008500282731998687,0.6462885613675735,0.011839229199265163,0.6212268852488207,0.6347808861538056,0.6579510522557461,0.6689186121110566,3448579049,1655843008
raw_q,marginal_dust_av,1,dust_av,512,128,100,0.6518547082388949,0.6666666666666666,-0.014811958427771721,0.00010850694444444444,0.010416666666666666,0.010720712205490451,0.010720712205490451,0.6518393273794626,0.01122786634441002,0.6285152458716752,0.6404394555108229,0.6634088159479529,0.6724937464017188,1871156111,248765195
raw_iw,marginal_dust_av,1,dust_av,512,128,100,0.6185862754977728,0.6666666666666666,-0.04808039116889384,0.00010850694444444444,0.010416666666666666,0.012680524215331185,0.012680524215331185,0.618860170762465,0.01226818818411191,0.5941123984534755,0.6064300559700655,0.6309381127019901,0.6426616692642184,1871156111,248765195
ema_q,marginal_dust_av,1,dust_av,512,128,100,0.655133974608533,0.6666666666666666,-0.011532692058133676,0.00010850694444444444,0.010416666666666666,0.010686600345925197,0.010686600345925197,0.6548892083722696,0.01096893763317506,0.6335922264814087,0.6436566186087452,0.6658575464258252,0.6760742212685728,1871156111,248765195
ema_iw,marginal_dust_av,1,dust_av,512,128,100,0.6157753013662074,0.6666666666666666,-0.050891365300459235,0.00010850694444444444,0.010416666666666666,0.011179696277211472,0.011179696277211472,0.6155638298078024,0.012630032625442935,0.5914882681946765,0.6027429221672673,0.6280975365195332,0.6401401543622469,1871156111,248765195
raw_q,marginal_dust_delta,1,dust_delta,512,128,100,0.6724836756009,0.6666666666666666,0.005817008934233425,0.00010850694444444444,0.010416666666666666,0.010828057038578696,0.010828057038578696,0.6721454645400697,0.010326508150770256,0.6534976983573202,0.6619757104738642,0.6819659449233336,0.6932998683053995,3072766633,1070225238
raw_iw,marginal_dust_delta,1,dust_delta,512,128,100,0.6251147484224839,0.6666666666666666,-0.041551918244182695,0.00010850694444444444,0.010416666666666666,0.011023871854196883,0.011023871854196883,0.6250672630707444,0.012207210836337625,0.6017303489213077,0.6126684593136179,0.6369653344041307,0.6486129784904904,3072766633,1070225238
ema_q,marginal_dust_delta,1,dust_delta,512,128,100,0.6729644800460506,0.6666666666666666,0.006297813379383954,0.00010850694444444444,0.010416666666666666,0.010189136737391436,0.010189136737391436,0.6729089685712344,0.010202616439812115,0.6529022241119378,0.6627001977812506,0.6834002711005519,0.6926120783858452,3072766633,1070225238
ema_iw,marginal_dust_delta,1,dust_delta,512,128,100,0.6302928185101331,0.6666666666666666,-0.03637384815653355,0.00010850694444444444,0.010416666666666666,0.01231199621610261,0.01231199621610261,0.6303498100874938,0.012600489878788297,0.6065635703748598,0.6167553733913428,0.6429467797389133,0.6545024896208289,3072766633,1070225238
raw_q,marginal_sfh_dlog_sfr_01,1,sfh_dlog_sfr_01,512,128,100,0.6944049098134224,0.6666666666666666,0.02773824314675577,0.00010850694444444444,0.010416666666666666,0.01065579588437067,0.01065579588437067,0.6945045649651609,0.009772487748407187,0.6751972223639384,0.6851684595837014,0.7043353297722911,0.713994601048509,1561448012,1674554120
raw_iw,marginal_sfh_dlog_sfr_01,1,sfh_dlog_sfr_01,512,128,100,0.6498191857703745,0.6666666666666666,-0.016847480896292177,0.00010850694444444444,0.010416666666666666,0.010344529972095081,0.010344529972095081,0.6499349542034228,0.01170156597905339,0.6281734489954018,0.6383361840186126,0.6613684106669143,0.6733558679869617,1561448012,1674554120
ema_q,marginal_sfh_dlog_sfr_01,1,sfh_dlog_sfr_01,512,128,100,0.6930148341246501,0.6666666666666666,0.026348167457983518,0.00010850694444444444,0.010416666666666666,0.01025368017911175,0.01025368017911175,0.6923749415441414,0.009956481740933417,0.6721275354628545,0.6826989771526268,0.7024218776167254,0.7123115566086454,1561448012,1674554120
ema_iw,marginal_sfh_dlog_sfr_01,1,sfh_dlog_sfr_01,512,128,100,0.6516410851912241,0.6666666666666666,-0.015025581475442529,0.00010850694444444444,0.010416666666666666,0.010602308429945653,0.010602308429945653,0.6516751885849058,0.012104181459463542,0.6288414024891011,0.6399029564853868,0.6632611108692776,0.6763015772264509,1561448012,1674554120
raw_q,marginal_sfh_dlog_sfr_02,1,sfh_dlog_sfr_02,512,128,100,0.6079025291200821,0.6666666666666666,-0.058764137546584494,0.00010850694444444444,0.010416666666666666,0.012694677026383943,0.012694677026383943,0.6084263175741819,0.01215843514781211,0.5848815939757287,0.5960009787827767,0.6202874778966884,0.6311977409988557,1020577339,192613834
raw_iw,marginal_sfh_dlog_sfr_02,1,sfh_dlog_sfr_02,512,128,100,0.5502284261220263,0.6666666666666666,-0.11643824054464036,0.00010850694444444444,0.010416666666666666,0.01193208234239595,0.01193208234239595,0.549972810886699,0.013083788989140784,0.5231472034869611,0.537183229540226,0.563038942527171,0.5761886618144387,1020577339,192613834
ema_q,marginal_sfh_dlog_sfr_02,1,sfh_dlog_sfr_02,512,128,100,0.6140422080980323,0.6666666666666666,-0.05262445856863429,0.00010850694444444444,0.010416666666666666,0.01350770348668386,0.01350770348668386,0.6140041374191797,0.011968007714784831,0.5906185172148739,0.6020202659145752,0.6251855492039976,0.6375736260323734,1020577339,192613834
ema_iw,marginal_sfh_dlog_sfr_02,1,sfh_dlog_sfr_02,512,128,100,0.555531618280454,0.6666666666666666,-0.11113504838621258,0.00010850694444444444,0.010416666666666666,0.012115964403472713,0.012115964403472713,0.5548273336098616,0.012977350616539287,0.5285484333654807,0.5421398945977535,0.5679626486002007,0.5800968191776306,1020577339,192613834
raw_q,marginal_sfh_dlog_sfr_03,1,sfh_dlog_sfr_03,512,128,100,0.6963273646545685,0.6666666666666666,0.02966069798790183,0.00010850694444444444,0.010416666666666666,0.00994044603945843,0.00994044603945843,0.6963322016907193,0.009397584442125993,0.6775394464937576,0.6869921900592453,0.7060314967707972,0.7139289882552958,1019920746,3070714298
raw_iw,marginal_sfh_dlog_sfr_03,1,sfh_dlog_sfr_03,512,128,100,0.6603443933291152,0.6666666666666666,-0.006322273337551421,0.00010850694444444444,0.010416666666666666,0.010810267467715767,0.010810267467715767,0.6600171533376618,0.011170348252885105,0.6374034905336927,0.6490563989022985,0.6706463648030399,0.681693270361771,1019920746,3070714298
ema_q,marginal_sfh_dlog_sfr_03,1,sfh_dlog_sfr_03,512,128,100,0.6968252589435326,0.6666666666666666,0.030158592276866014,0.00010850694444444444,0.010416666666666666,0.009070122626584945,0.009070122626584945,0.6967242152419844,0.009810142301587695,0.6776557947607926,0.6869665552935248,0.7063775661080239,0.7147544887466524,1019920746,3070714298
ema_iw,marginal_sfh_dlog_sfr_03,1,sfh_dlog_sfr_03,512,128,100,0.6580633569436646,0.6666666666666666,-0.00860330972300205,0.00010850694444444444,0.010416666666666666,0.009302653047859571,0.009302653047859571,0.6577977777190425,0.01116615770070056,0.6346431755820034,0.6471990990906921,0.6683044458490031,0.679927065521207,1019920746,3070714298
raw_q,marginal_sfh_dlog_sfr_04,1,sfh_dlog_sfr_04,512,128,100,0.5996012900754857,0.6666666666666666,-0.06706537659118095,0.00010850694444444444,0.010416666666666666,0.0121264166893642,0.0121264166893642,0.5994752982537273,0.011886090949869518,0.5764446280019158,0.587613527579656,0.6115008567702057,0.6221786522201398,3557841925,1847448365
raw_iw,marginal_sfh_dlog_sfr_04,1,sfh_dlog_sfr_04,512,128,100,0.5402331563094003,0.6666666666666666,-0.12643351035726635,0.00010850694444444444,0.010416666666666666,0.010477022193056386,0.010477022193056386,0.5396853047448594,0.013500596457830409,0.5135799427091328,0.5266674824307392,0.5526757833088777,0.5659549734218231,3557841925,1847448365
ema_q,marginal_sfh_dlog_sfr_04,1,sfh_dlog_sfr_04,512,128,100,0.6051103232991335,0.6666666666666666,-0.06155634336753313,0.00010850694444444444,0.010416666666666666,0.011800247342389393,0.011800247342389393,0.6045628532043206,0.011548307145054719,0.5814926169123226,0.5930053733028672,0.616274416358301,0.6265178703759531,3557841925,1847448365
ema_iw,marginal_sfh_dlog_sfr_04,1,sfh_dlog_sfr_04,512,128,100,0.5447232075956583,0.6666666666666666,-0.12194345907100834,0.00010850694444444444,0.010416666666666666,0.010888776984678699,0.010888776984678699,0.54373764240644,0.013494776289048454,0.516178133026429,0.530215456076769,0.5566400167220832,0.5705986044205673,3557841925,1847448365
raw_q,marginal_sfh_dlog_sfr_05,1,sfh_dlog_sfr_05,512,128,100,0.6467912316575319,0.6666666666666666,-0.01987543500913469,0.00010850694444444444,0.010416666666666666,0.009466690892379835,0.009466690892379835,0.6470954613949934,0.010997429216544254,0.6260444664435255,0.6357855248294232,0.6582434106552728,0.6691467310083908,2265611773,3645953168
raw_iw,marginal_sfh_dlog_sfr_05,1,sfh_dlog_sfr_05,512,128,100,0.5991384910014961,0.6666666666666666,-0.06752817566517055,0.00010850694444444444,0.010416666666666666,0.01098344429157255,0.01098344429157255,0.5992905295762812,0.012611378150614227,0.5746910116623752,0.5868566916393365,0.612133791342876,0.62371101611745,2265611773,3645953168
ema_q,marginal_sfh_dlog_sfr_05,1,sfh_dlog_sfr_05,512,128,100,0.6468586755054395,0.6666666666666666,-0.019807991161227112,0.00010850694444444444,0.010416666666666666,0.011409357277410522,0.011409357277410522,0.6469278741140956,0.010864433061100047,0.6258770012329407,0.636398317800456,0.6572467065499973,0.6676235223845524,2265611773,3645953168
ema_iw,marginal_sfh_dlog_sfr_05,1,sfh_dlog_sfr_05,512,128,100,0.6012052939877112,0.6666666666666666,-0.06546137267895547,0.00010850694444444444,0.010416666666666666,0.013016856258684291,0.013016856258684291,0.6012155326352101,0.012550297718757871,0.5773765585473797,0.5882849143009071,0.6135125755276999,0.6264717125388671,2265611773,3645953168
raw_q,marginal_sfh_dlog_sfr_06,1,sfh_dlog_sfr_06,512,128,100,0.5544499227197838,0.6666666666666666,-0.11221674394688286,0.00010850694444444444,0.010416666666666666,0.01185812207502749,0.01185812207502749,0.5550642415697286,0.012731003189562991,0.5294315357857627,0.5421832295588525,0.5678955099280756,0.578740312824921,236341808,373582611
raw_iw,marginal_sfh_dlog_sfr_06,1,sfh_dlog_sfr_06,512,128,100,0.5030346698427002,0.6666666666666666,-0.16363199682396645,0.00010850694444444444,0.010416666666666666,0.014118851769285458,0.014118851769285458,0.5031056995060507,0.01340021345311631,0.4771255510938374,0.4897106951836895,0.5158612079764202,0.5298614521692002,236341808,373582611
ema_q,marginal_sfh_dlog_sfr_06,1,sfh_dlog_sfr_06,512,128,100,0.5568611165764225,0.6666666666666666,-0.10980555009024418,0.00010850694444444444,0.010416666666666666,0.013212928547562496,0.013212928547562496,0.5569340993647802,0.012736169640840473,0.5327106495675096,0.5438385030025188,0.5695159933325499,0.5811447165204014,236341808,373582611
ema_iw,marginal_sfh_dlog_sfr_06,1,sfh_dlog_sfr_06,512,128,100,0.49797592348596426,0.6666666666666666,-0.16869074318070237,0.00010850694444444444,0.010416666666666666,0.01236288275045563,0.01236288275045563,0.49839976687133225,0.013120195468967706,0.47277755913428055,0.4847564715324211,0.5116497821794814,0.5237468738993514,236341808,373582611
raw_q,marginal_sfh_dlog_sfr_07,1,sfh_dlog_sfr_07,512,128,100,0.6113174461249912,0.6666666666666666,-0.05534922054167546,0.00010850694444444444,0.010416666666666666,0.012979637848375412,0.012979637848375412,0.6106884025435463,0.011302899309833093,0.5879486105887167,0.5995282004756041,0.6224743675532727,0.6335933708905926,3293514327,2900502350
raw_iw,marginal_sfh_dlog_sfr_07,1,sfh_dlog_sfr_07,512,128,100,0.5591178914871733,0.6666666666666666,-0.10754877517949335,0.00010850694444444444,0.010416666666666666,0.012846899360646083,0.012846899360646083,0.5593336965416882,0.01251248746508447,0.5347579975975976,0.5466766377787167,0.5722802755694102,0.583132173803196,3293514327,2900502350
ema_q,marginal_sfh_dlog_sfr_07,1,sfh_dlog_sfr_07,512,128,100,0.6111026023741908,0.6666666666666666,-0.055564064292475845,0.00010850694444444444,0.010416666666666666,0.010759555195561592,0.010759555195561592,0.6106965049605686,0.011961986414395021,0.5850666067938007,0.598856813754353,0.6227001976322389,0.6326622032845848,3293514327,2900502350
ema_iw,marginal_sfh_dlog_sfr_07,1,sfh_dlog_sfr_07,512,128,100,0.5586160299130382,0.6666666666666666,-0.10805063675362847,0.00010850694444444444,0.010416666666666666,0.011579947364722981,0.011579947364722981,0.5587206746888186,0.013025728266284873,0.5333339711030348,0.5455908223449842,0.5725268576015787,0.5835426352305063,3293514327,2900502350
raw_q,marginal_sfh_dlog_sfr_08,1,sfh_dlog_sfr_08,512,128,100,0.545600893145803,0.6666666666666666,-0.12106577352086367,0.00010850694444444444,0.010416666666666666,0.014414317636151096,0.014414317636151096,0.5454994527157375,0.013269872055082878,0.5206127186142382,0.5324963398743284,0.5584783956351816,0.5733802816770236,720457340,935912535
raw_iw,marginal_sfh_dlog_sfr_08,1,sfh_dlog_sfr_08,512,128,100,0.49136093322694646,0.6666666666666666,-0.17530573343972017,0.00010850694444444444,0.010416666666666666,0.011443810304706377,0.011443810304706377,0.4917735766611009,0.013184017001174789,0.46801109488312564,0.4783996599853026,0.5053125018824357,0.5173759479722975,720457340,935912535
ema_q,marginal_sfh_dlog_sfr_08,1,sfh_dlog_sfr_08,512,128,100,0.5464947530124141,0.6666666666666666,-0.1201719136542525,0.00010850694444444444,0.010416666666666666,0.012373696613284416,0.012373696613284416,0.5466175099708791,0.012768651307512126,0.5221984882734659,0.5341113301147198,0.5591192647781941,0.5716857931453205,720457340,935912535
ema_iw,marginal_sfh_dlog_sfr_08,1,sfh_dlog_sfr_08,512,128,100,0.48949524108132436,0.6666666666666666,-0.17717142558534227,0.00010850694444444444,0.010416666666666666,0.012445307458634917,0.012445307458634917,0.4895505084155146,0.013684916825843356,0.46364822560417734,0.475215455871878,0.5032012958198834,0.5157642383715668,720457340,935912535
raw_q,marginal_sfh_dlog_sfr_09,1,sfh_dlog_sfr_09,512,128,100,0.5680947897139742,0.6666666666666666,-0.09857187695269243,0.00010850694444444444,0.010416666666666666,0.012077673694403128,0.012077673694403128,0.568415178509113,0.012334818693209936,0.544066621899853,0.5563201925021417,0.5802941916148893,0.5943519614426492,2651625086,1814223316
raw_iw,marginal_sfh_dlog_sfr_09,1,sfh_dlog_sfr_09,512,128,100,0.5189178486128071,0.6666666666666666,-0.14774881805385953,0.00010850694444444444,0.010416666666666666,0.011641970974933472,0.011641970974933472,0.51927992441982,0.01324850524789555,0.4924572009312257,0.5059283466112925,0.5326483174139571,0.5435993214830731,2651625086,1814223316
ema_q,marginal_sfh_dlog_sfr_09,1,sfh_dlog_sfr_09,512,128,100,0.5688687154981074,0.6666666666666666,-0.09779795116855927,0.00010850694444444444,0.010416666666666666,0.012850255869305766,0.012850255869305766,0.5685122854430685,0.012704946610504128,0.5423584004579425,0.5561755391812904,0.5812646506028796,0.593567278212187,2651625086,1814223316
ema_iw,marginal_sfh_dlog_sfr_09,1,sfh_dlog_sfr_09,512,128,100,0.5201255817716032,0.6666666666666666,-0.14654108489506346,0.00010850694444444444,0.010416666666666666,0.012784159711341402,0.012784159711341402,0.5203564930273462,0.013506427109798096,0.4943496722517523,0.5062951679017215,0.533713991246052,0.5463939687102808,2651625086,1814223316
raw_q,marginal_sfh_dlog_sfr_10,1,sfh_dlog_sfr_10,512,128,100,0.5392889424386954,0.6666666666666666,-0.12737772422797122,0.00010850694444444444,0.010416666666666666,0.012692387038394213,0.012692387038394213,0.5392658406319687,0.012044959543227467,0.5169319172089246,0.5269091816503897,0.5513299581085517,0.5620948812443572,3166931931,2807047589
raw_iw,marginal_sfh_dlog_sfr_10,1,sfh_dlog_sfr_10,512,128,100,0.482605287442376,0.6666666666666666,-0.1840613792242906,0.00010850694444444444,0.010416666666666666,0.012264675904377523,0.012264675904377523,0.4827380083901361,0.013303007022227488,0.45739479235334246,0.469159547646193,0.4962231463798253,0.5087150592681582,3166931931,2807047589
ema_q,marginal_sfh_dlog_sfr_10,1,sfh_dlog_sfr_10,512,128,100,0.5410025044567977,0.6666666666666666,-0.12566416220986898,0.00010850694444444444,0.010416666666666666,0.012480540264802982,0.012480540264802982,0.5411156331193284,0.012810844248755181,0.5164623279737768,0.5284051533356501,0.5536370870233963,0.5675968191310645,3166931931,2807047589
ema_iw,marginal_sfh_dlog_sfr_10,1,sfh_dlog_sfr_10,512,128,100,0.482294465908015,0.6666666666666666,-0.18437220075865163,0.00010850694444444444,0.010416666666666666,0.01256037753334095,0.01256037753334095,0.48232902706537034,0.013473073535171328,0.45581741502813033,0.46872253592581503,0.4960504168869943,0.5075119037460979,3166931931,2807047589
